variety,variety_code,pod_length_mm,pod_width_mm,pod_weight_g,color_r,color_g,color_b,hue,saturation,value_hsv,days_to_maturity,maturity_score,flower_stress_score,shu
Siling Haba,0,112.4,17.4,4.83,185,146,55,43.8,138.1,152.7,94.0,0.7713,0.2328,25057.0
Siling Haba,0,96.5,18.2,9.3,84,74,48,27.1,201.5,215.0,74.0,0.6583,0.653,24587.0
Siling Haba,0,116.2,20.3,12.02,192,104,35,43.7,227.4,134.2,68.0,0.5108,0.1678,18372.0
Siling Haba,0,138.1,20.2,12.21,221,76,25,56.3,208.8,128.0,60.0,0.3671,0.639,18792.0
Siling Haba,0,94.1,10.5,9.97,164,78,45,41.5,219.8,140.7,57.0,0.4124,0.1843,22709.0
Siling Haba,0,94.1,12.2,14.8,230,84,40,41.2,149.7,121.9,59.0,0.4355,0.1143,17497.0
Siling Haba,0,139.5,18.1,7.2,93,111,48,18.9,123.1,164.9,78.0,0.732,0.1947,23358.0
Siling Haba,0,119.2,18.1,11.36,65,76,44,20.1,240.1,225.0,80.0,0.7503,0.7883,29166.0
Siling Haba,0,88.3,18.1,12.54,33,162,50,0.0,167.1,172.9,59.0,0.6419,0.2068,21475.0
Siling Haba,0,113.6,28.0,14.31,229,55,26,92.5,170.0,149.9,84.0,0.4271,0.739,18919.0
Siling Haba,0,88.4,18.3,15.2,179,90,54,2.7,233.1,148.3,70.0,0.7383,0.1063,22083.0
Siling Haba,0,88.4,20.5,6.94,136,78,37,19.2,202.2,97.5,76.0,0.7186,0.6606,29277.0
Siling Haba,0,106.0,19.8,5.1,156,172,66,18.4,198.2,195.3,91.0,0.869,0.1751,26052.0
Siling Haba,0,55.0,18.6,17.75,72,109,24,66.8,255.0,156.9,84.0,0.5554,0.6973,23425.0
Siling Haba,0,56.9,14.7,13.5,230,151,61,31.2,154.3,152.8,72.0,0.6174,0.7072,27664.0
Siling Haba,0,85.9,19.0,8.63,147,25,37,77.4,217.1,230.0,66.0,0.3237,0.2143,17002.0
Siling Haba,0,74.7,12.9,18.98,146,113,25,19.8,182.3,172.0,55.0,0.501,0.1855,22068.0
Siling Haba,0,107.9,15.1,12.52,183,144,27,48.4,190.7,129.9,68.0,0.4862,0.8514,25285.0
Siling Haba,0,77.3,14.1,17.31,168,104,30,14.9,241.1,142.9,73.0,0.7042,0.779,26374.0
Siling Haba,0,64.7,16.3,12.3,153,153,41,104.4,200.3,205.9,65.0,0.1795,0.1849,15989.0
Siling Haba,0,136.6,25.3,21.27,92,74,42,4.4,201.5,164.5,74.0,0.765,0.7539,21334.0
Siling Haba,0,94.4,8.5,19.9,168,170,26,49.3,222.9,102.5,76.0,0.5612,0.5527,24757.0
Siling Haba,0,101.7,18.7,10.88,230,200,34,59.0,165.4,196.8,73.0,0.4824,0.1265,22232.0
Siling Haba,0,64.4,9.5,16.37,220,81,67,52.4,146.4,133.3,68.0,0.4729,0.1706,20356.0
Siling Haba,0,86.4,14.1,14.9,230,77,60,34.4,138.2,230.0,77.0,0.6447,0.2155,23787.0
Siling Haba,0,102.8,20.4,18.16,109,172,41,36.1,101.3,203.2,79.0,0.6637,0.7587,20166.0
Siling Haba,0,71.2,16.3,7.66,80,178,35,41.3,255.0,142.1,64.0,0.4844,0.249,21373.0
Siling Haba,0,109.4,11.7,15.09,132,73,36,35.6,135.9,211.2,89.0,0.7631,0.7424,27222.0
Siling Haba,0,85.0,13.1,16.76,143,78,44,68.9,171.1,162.7,74.0,0.4456,0.2149,18421.0
Siling Haba,0,92.7,18.7,4.09,205,85,19,106.3,168.9,194.1,75.0,0.2703,0.097,16613.0
Siling Haba,0,85.0,13.1,6.68,38,32,31,23.3,192.3,179.4,82.0,0.7544,0.0757,23775.0
Siling Haba,0,146.3,16.9,4.0,230,54,10,0.0,212.6,126.1,77.0,0.8233,0.2569,25605.0
Siling Haba,0,99.7,16.2,10.79,130,49,40,37.4,214.4,134.3,85.0,0.7086,0.2493,23502.0
Siling Haba,0,73.6,13.4,15.23,114,61,44,117.4,156.7,201.2,78.0,0.2418,0.6234,16374.0
Siling Haba,0,120.6,24.6,18.76,79,98,27,15.9,173.3,146.6,69.0,0.6593,0.5681,17473.0
Siling Haba,0,69.5,18.5,12.33,40,111,58,89.2,191.3,143.9,79.0,0.3903,0.1738,18492.0
Siling Haba,0,105.2,8.0,19.33,189,177,16,90.3,170.1,121.8,64.0,0.234,0.6038,20681.0
Siling Haba,0,55.0,16.7,5.79,144,50,13,23.4,244.3,176.9,76.0,0.6939,0.249,20446.0
Siling Haba,0,66.8,13.4,4.33,62,149,38,57.1,199.6,230.0,75.0,0.5113,0.2439,23088.0
Siling Haba,0,104.9,19.4,11.75,62,89,50,88.9,209.4,117.3,73.0,0.3349,0.6686,19891.0
Siling Haba,0,118.5,12.8,13.73,119,97,60,28.6,206.5,161.0,74.0,0.644,0.5796,27328.0
Siling Haba,0,104.3,15.5,11.85,230,133,28,33.9,226.9,216.5,56.0,0.4424,0.2606,19612.0
Siling Haba,0,97.1,18.0,4.0,124,43,51,22.5,187.2,156.8,70.0,0.6324,0.1365,24017.0
Siling Haba,0,92.5,19.5,11.6,49,119,34,9.6,128.1,178.1,76.0,0.7615,0.6161,26644.0
Siling Haba,0,63.0,11.2,6.13,125,108,32,20.5,196.0,117.5,77.0,0.7134,0.5749,24566.0
Siling Haba,0,82.0,14.7,15.01,123,124,48,3.3,153.9,177.1,65.0,0.6808,0.0492,23847.0
Siling Haba,0,88.5,14.1,13.65,30,114,44,41.0,158.9,152.5,88.0,0.7215,0.7636,27855.0
Siling Haba,0,126.4,13.4,7.77,136,200,11,16.9,203.5,199.4,66.0,0.6289,0.864,27914.0
Siling Haba,0,108.6,23.1,9.69,126,68,57,47.0,229.5,207.5,85.0,0.6619,0.2877,30000.0
Siling Haba,0,55.9,17.6,7.23,181,73,55,0.0,180.9,230.0,79.0,0.8427,0.9361,27485.0
Siling Haba,0,108.1,11.0,11.72,230,68,25,49.9,192.4,183.2,69.0,0.4857,0.2916,25236.0
Siling Haba,0,90.4,19.7,16.3,207,72,40,65.0,248.1,173.0,93.0,0.6525,0.1336,20571.0
Siling Haba,0,83.1,24.5,7.56,123,68,42,0.0,189.6,167.8,63.0,0.6806,0.2002,23534.0
Siling Haba,0,115.3,20.1,14.27,73,159,38,51.2,255.0,145.9,84.0,0.6358,0.6214,23403.0
Siling Haba,0,125.8,9.9,9.61,230,171,26,76.8,202.6,173.5,85.0,0.5159,0.127,20287.0
Siling Haba,0,123.3,14.1,8.43,143,71,24,3.7,109.6,148.2,68.0,0.7144,0.1809,22422.0
Siling Haba,0,79.0,21.1,11.52,140,58,34,90.2,210.1,166.7,89.0,0.4884,0.5787,23548.0
Siling Haba,0,92.3,13.2,7.34,138,123,52,52.6,195.2,212.7,72.0,0.5121,0.9099,23891.0
Siling Haba,0,108.3,17.8,9.51,151,72,43,18.8,231.6,119.7,78.0,0.7346,0.5503,27283.0
Siling Haba,0,124.4,19.1,6.61,131,131,29,38.3,206.9,205.6,78.0,0.6344,0.7658,24848.0
Siling Haba,0,88.0,12.3,20.84,105,110,46,56.7,174.5,212.7,74.0,0.5028,0.1766,17746.0
Siling Haba,0,95.4,15.8,12.16,107,24,10,42.3,131.0,155.3,83.0,0.6697,0.2464,22425.0
Siling Haba,0,72.3,8.0,8.85,138,177,52,56.2,171.6,80.0,83.0,0.5985,0.6197,29920.0
Siling Haba,0,70.1,11.9,12.96,107,189,10,12.4,146.0,135.7,58.0,0.5632,0.251,22249.0
Siling Haba,0,120.3,15.0,11.49,97,69,29,45.1,156.8,211.9,88.0,0.705,0.1507,23345.0
Siling Haba,0,133.9,11.0,11.01,146,80,18,0.0,203.5,159.1,58.0,0.6338,0.1054,20315.0
Siling Haba,0,98.2,22.5,14.76,124,114,15,36.7,246.8,120.0,85.0,0.7199,0.729,26785.0
Siling Haba,0,125.1,10.3,15.41,230,116,52,12.9,195.8,139.8,86.0,0.8483,0.1295,25566.0
Siling Haba,0,109.0,14.2,9.61,30,132,27,17.9,132.2,193.6,64.0,0.6012,0.2675,26589.0
Siling Haba,0,83.9,16.5,9.41,205,200,40,77.1,197.8,181.9,71.0,0.3735,0.122,19241.0
Siling Haba,0,109.0,21.8,10.76,214,91,34,72.7,227.9,150.4,64.0,0.3257,0.7223,22161.0
Siling Haba,0,138.5,10.3,4.0,30,60,42,58.3,155.6,145.3,73.0,0.4871,0.2003,22012.0
Siling Haba,0,99.1,20.7,5.18,119,31,36,7.2,174.6,144.3,72.0,0.733,0.7058,29939.0
Siling Haba,0,139.1,16.0,18.15,117,63,15,30.5,180.6,123.1,83.0,0.7254,0.6059,22286.0
Siling Haba,0,55.0,12.1,19.4,55,98,49,76.4,148.6,224.6,88.0,0.5491,0.155,23291.0
Siling Haba,0,120.5,17.8,10.88,93,189,27,44.3,205.9,147.1,89.0,0.7183,0.244,22618.0
Siling Haba,0,102.2,16.8,14.59,73,74,11,109.6,175.2,208.7,69.0,0.1959,0.2297,16330.0
Siling Haba,0,92.5,13.6,13.4,230,111,28,51.8,196.8,220.9,73.0,0.5201,0.7114,24765.0
Siling Haba,0,102.3,16.3,22.0,196,99,57,45.8,144.5,199.9,58.0,0.4028,0.2823,18590.0
Siling Haba,0,55.0,14.5,17.04,216,159,47,30.7,162.5,142.7,67.0,0.5658,0.5499,24286.0
Siling Haba,0,94.5,16.5,11.42,183,200,29,44.0,208.9,176.1,85.0,0.6765,0.1031,22992.0
Siling Haba,0,108.9,18.6,7.7,72,73,29,35.4,165.1,159.0,91.0,0.7844,0.6135,30000.0
Siling Haba,0,136.9,22.3,4.77,108,75,30,61.2,249.1,123.9,63.0,0.3703,0.5342,22304.0
Siling Haba,0,87.0,11.0,12.92,169,152,66,68.7,164.0,173.0,69.0,0.3972,0.7923,25979.0
Siling Haba,0,79.8,24.5,8.6,66,134,40,16.4,189.0,112.8,75.0,0.7153,0.6847,25415.0
Siling Haba,0,87.5,8.2,5.6,182,192,41,0.1,217.3,207.5,78.0,0.8277,0.255,26303.0
Siling Haba,0,122.9,15.4,9.09,125,129,50,0.0,123.3,141.4,67.0,0.719,0.2289,25499.0
Siling Haba,0,108.2,18.4,7.13,117,82,38,55.2,109.6,168.0,79.0,0.5662,0.1465,23250.0
Siling Haba,0,86.8,17.1,19.59,182,129,31,6.9,119.0,171.3,70.0,0.7181,0.1637,25029.0
Siling Haba,0,112.8,13.5,15.97,166,155,32,0.0,230.5,149.6,75.0,0.7986,0.1489,22234.0
Siling Haba,0,102.4,15.2,11.96,118,141,33,51.7,157.9,183.5,80.0,0.5963,0.1773,21429.0
Siling Haba,0,124.2,14.0,18.66,209,125,34,114.8,255.0,141.0,75.0,0.2267,0.1655,12172.0
Siling Haba,0,82.4,13.6,12.35,75,153,45,39.8,157.4,194.9,71.0,0.5573,0.1795,21445.0
Siling Haba,0,91.8,19.4,8.12,176,158,35,65.2,187.4,106.2,74.0,0.4633,0.7014,25836.0
Siling Haba,0,90.2,17.4,18.85,175,169,45,42.5,241.7,165.1,74.0,0.5789,0.6969,22719.0
Siling Haba,0,63.4,13.2,14.43,121,132,33,37.0,255.0,230.0,71.0,0.5778,0.8555,28282.0
Siling Haba,0,107.4,19.6,7.33,159,91,36,67.6,255.0,120.0,72.0,0.4363,0.182,19496.0
Siling Haba,0,106.5,17.2,11.14,64,107,10,31.3,228.3,132.9,91.0,0.8034,0.6328,27649.0
Siling Haba,0,100.1,19.3,8.06,195,160,48,48.0,221.0,180.6,81.0,0.616,0.1774,19954.0
Siling Haba,0,94.1,18.5,5.78,128,59,40,49.7,203.7,167.2,72.0,0.5222,0.132,21699.0
Siling Haba,0,64.6,12.7,16.17,108,118,49,20.0,211.1,174.0,82.0,0.7699,0.2253,19210.0
Siling Haba,0,89.5,13.8,20.59,202,80,10,69.8,158.0,179.6,72.0,0.4178,0.2609,18852.0
Siling Haba,0,91.4,19.0,5.71,97,101,66,34.8,147.3,185.4,87.0,0.7436,0.2688,21910.0
Siling Haba,0,79.9,18.4,14.53,55,163,32,17.3,179.9,204.4,79.0,0.7503,0.169,25865.0
Siling Haba,0,96.0,15.9,9.07,46,109,51,56.1,173.2,176.4,74.0,0.5088,0.1476,22778.0
Siling Haba,0,110.1,16.5,9.81,176,102,19,13.0,161.9,150.3,79.0,0.7795,0.7897,28877.0
Siling Haba,0,147.2,21.1,9.33,63,32,44,40.8,207.9,186.9,59.0,0.4387,0.8446,25206.0
Siling Haba,0,104.4,13.6,8.11,230,137,19,39.7,218.2,230.0,64.0,0.4887,0.2157,19791.0
Siling Haba,0,106.4,18.2,12.22,30,132,25,72.6,183.5,154.7,63.0,0.3177,0.8015,25123.0
Siling Haba,0,98.1,15.2,8.26,230,200,63,54.2,239.1,121.0,76.0,0.5431,0.1283,23598.0
Siling Haba,0,55.0,15.1,13.22,152,84,32,39.2,134.3,204.3,92.0,0.777,0.1472,24764.0
Siling Haba,0,99.3,20.4,11.77,134,110,38,64.5,172.3,155.2,95.0,0.6773,0.686,27612.0
Siling Haba,0,101.5,19.3,10.92,107,112,48,81.7,151.3,80.0,81.0,0.4553,0.1762,17437.0
Siling Haba,0,160.0,19.3,7.92,163,178,42,56.7,105.3,193.9,80.0,0.5664,0.2445,18525.0
Siling Haba,0,95.2,21.2,9.4,137,95,37,40.3,176.7,138.6,57.0,0.4183,0.7168,21512.0
Siling Haba,0,107.5,16.1,15.4,206,113,40,0.6,175.1,156.4,70.0,0.7425,0.6191,24466.0
Siling Haba,0,99.1,18.7,14.25,146,130,70,8.0,240.5,173.3,67.0,0.681,0.5358,22160.0
Siling Haba,0,70.8,14.8,7.6,149,109,34,30.8,205.2,167.6,69.0,0.5837,0.7087,29378.0
Siling Haba,0,128.6,17.3,12.45,118,77,38,21.7,139.0,188.4,73.0,0.6746,0.1637,20989.0
Siling Haba,0,118.8,15.5,15.38,136,109,50,34.4,254.2,142.6,70.0,0.5808,0.1524,21039.0
Siling Haba,0,119.8,16.4,4.49,158,153,51,41.7,228.8,180.5,55.0,0.3936,0.1686,18788.0
Siling Haba,0,77.3,18.4,14.45,37,48,52,55.9,203.3,149.6,82.0,0.5953,0.1303,17744.0
Siling Haba,0,135.1,12.7,9.02,59,106,44,37.9,170.9,189.6,64.0,0.5033,0.6908,24390.0
Siling Haba,0,65.0,24.4,14.57,184,64,17,54.6,141.6,184.6,77.0,0.5509,0.6634,19708.0
Siling Haba,0,114.7,12.0,8.57,150,159,59,41.9,165.1,122.6,95.0,0.7903,0.109,24521.0
Siling Haba,0,154.8,11.1,4.0,128,23,17,0.0,223.5,203.4,66.0,0.7081,0.1427,20815.0
Siling Haba,0,75.2,20.6,4.68,141,72,39,11.8,255.0,138.6,55.0,0.5409,0.5107,28554.0
Siling Haba,0,85.8,19.2,12.22,160,118,23,35.7,241.7,192.3,72.0,0.593,0.0907,22940.0
Siling Haba,0,102.5,18.5,13.17,107,178,34,3.7,160.4,174.7,86.0,0.8916,0.6966,28255.0
Siling Haba,0,87.4,18.5,7.93,93,96,39,58.0,135.2,230.0,95.0,0.7058,0.159,26335.0
Siling Haba,0,61.2,16.0,14.87,151,72,39,85.9,185.6,151.1,63.0,0.2474,0.8223,20503.0
Siling Haba,0,101.7,12.4,4.52,81,194,41,76.6,109.3,146.0,80.0,0.4669,0.0949,22701.0
Siling Haba,0,73.4,16.3,11.7,164,27,59,33.6,192.9,159.2,70.0,0.5855,0.6825,26088.0
Siling Haba,0,111.8,13.3,6.55,37,20,41,84.7,174.1,147.9,74.0,0.3658,0.1109,20135.0
Siling Haba,0,77.0,19.9,9.07,201,122,31,44.5,161.4,192.0,95.0,0.7777,0.2656,27805.0
Siling Haba,0,138.7,15.4,12.21,168,74,49,29.9,116.2,95.3,60.0,0.5003,0.5441,23204.0
Siling Haba,0,80.4,12.7,8.13,155,48,52,21.6,200.5,117.9,78.0,0.7174,0.236,26166.0
Siling Haba,0,91.9,14.7,10.27,198,135,16,30.9,158.7,117.3,80.0,0.6921,0.2709,21082.0
Siling Haba,0,120.3,17.7,16.53,230,112,43,28.4,133.2,198.0,86.0,0.7668,0.1428,20055.0
Siling Haba,0,69.2,13.7,9.4,200,71,45,45.1,80.0,228.4,76.0,0.5842,0.1465,23063.0
Siling Haba,0,105.7,12.7,15.76,30,35,30,44.8,178.9,155.8,78.0,0.6067,0.1502,21637.0
Siling Haba,0,132.7,17.0,6.92,63,143,55,40.1,250.9,153.2,71.0,0.5604,0.2274,19164.0
Siling Haba,0,59.8,17.0,14.38,102,132,32,53.1,246.5,162.8,78.0,0.5614,0.5842,29419.0
Siling Haba,0,104.6,14.0,18.49,141,95,36,75.7,161.7,206.5,72.0,0.3871,0.0728,20573.0
Siling Haba,0,106.5,14.1,4.0,171,192,32,68.5,155.9,122.9,81.0,0.5197,0.1196,23294.0
Siling Haba,0,119.5,16.9,8.41,96,46,35,0.0,198.8,169.5,71.0,0.763,0.635,26796.0
Siling Haba,0,69.1,10.2,14.6,151,23,18,0.0,140.1,199.0,79.0,0.8377,0.2152,26115.0
Siling Haba,0,67.0,10.4,11.09,94,65,13,68.0,192.1,180.0,75.0,0.4569,0.85,24532.0
Siling Haba,0,113.0,13.1,13.67,103,97,58,0.0,210.6,167.6,86.0,0.9126,0.8983,30000.0
Siling Haba,0,107.4,15.1,9.28,55,112,22,33.3,229.1,200.0,74.0,0.6286,0.7712,26859.0
Siling Haba,0,106.3,17.2,12.39,84,87,20,4.9,176.0,80.0,57.0,0.5982,0.1222,18536.0
Siling Haba,0,108.7,21.9,11.3,58,117,10,0.0,171.9,187.1,88.0,0.9262,0.1097,25059.0
Siling Haba,0,83.0,19.4,17.26,81,37,25,56.2,144.9,133.8,66.0,0.4282,0.2043,18571.0
Siling Haba,0,105.8,15.4,13.14,203,172,15,62.8,146.9,86.8,68.0,0.4208,0.1792,15530.0
Siling Haba,0,107.3,15.9,13.52,83,95,59,22.7,170.9,180.4,69.0,0.6269,0.1958,20095.0
Siling Haba,0,82.1,12.0,10.15,230,155,50,0.0,194.7,214.9,89.0,0.9374,0.8449,30000.0
Siling Haba,0,146.6,15.9,9.81,169,117,24,23.6,216.5,154.5,55.0,0.4819,0.6939,26331.0
Siling Haba,0,111.8,14.8,10.05,151,122,68,51.8,147.9,198.1,95.0,0.7412,0.2672,25482.0
Siling Haba,0,70.2,17.3,13.78,88,128,49,0.0,239.7,224.5,86.0,0.9056,0.1839,23457.0
Siling Haba,0,116.4,12.7,10.11,182,122,30,45.5,169.2,212.6,77.0,0.5948,0.252,23620.0
Siling Haba,0,75.6,18.1,13.3,105,132,10,39.5,179.1,225.6,74.0,0.5968,0.1953,19029.0
Siling Haba,0,119.7,22.1,21.34,147,166,69,57.4,150.1,189.7,78.0,0.5417,0.6961,23168.0
Siling Haba,0,129.0,15.6,15.92,230,109,14,43.6,83.0,163.0,80.0,0.6342,0.5651,22200.0
Siling Haba,0,79.5,17.6,10.53,134,135,10,10.8,215.4,95.9,81.0,0.8105,0.7369,28461.0
Siling Haba,0,124.1,18.8,17.41,208,95,50,75.9,209.5,150.2,81.0,0.4761,0.0582,19997.0
Siling Haba,0,110.3,14.4,10.16,97,172,70,35.2,168.7,126.3,76.0,0.6327,0.8041,23897.0
Siling Haba,0,120.6,16.9,4.0,137,66,55,39.2,182.7,230.0,73.0,0.5844,0.7738,23283.0
Siling Haba,0,147.4,16.1,7.46,230,190,43,12.0,200.6,153.0,73.0,0.7249,0.8113,25547.0
Siling Haba,0,93.9,16.4,4.0,102,97,43,26.7,117.5,164.9,73.0,0.647,0.1409,25913.0
Siling Haba,0,81.2,12.9,10.42,230,28,47,13.5,158.8,182.1,86.0,0.8461,0.1052,22858.0
Siling Haba,0,77.8,16.1,12.08,182,106,46,34.8,211.8,161.7,81.0,0.6853,0.1648,17863.0
Siling Haba,0,79.6,18.0,19.54,106,65,39,91.4,129.8,227.8,55.0,0.1432,0.2418,14575.0
Siling Haba,0,98.1,21.8,13.47,177,142,36,0.0,191.7,135.1,82.0,0.8656,0.1436,24899.0
Siling Haba,0,108.5,19.8,11.01,198,67,34,0.0,125.7,167.8,77.0,0.8195,0.7881,30000.0
Siling Haba,0,106.9,24.6,15.73,177,77,23,84.1,198.7,130.3,75.0,0.3775,0.2797,16450.0
Siling Haba,0,120.7,12.9,4.0,45,20,30,33.7,178.6,107.2,71.0,0.5925,0.6222,25066.0
Siling Haba,0,100.3,19.5,13.06,96,77,10,19.9,115.4,135.5,86.0,0.8128,0.7185,29426.0
Siling Haba,0,136.3,16.7,15.47,125,20,33,71.2,226.6,158.5,84.0,0.5388,0.5781,17946.0
Siling Haba,0,93.4,24.8,5.35,135,20,20,21.8,150.6,142.8,67.0,0.6136,0.5602,23633.0
Siling Haba,0,160.0,12.8,17.15,177,138,18,94.8,147.6,132.3,79.0,0.3668,0.1504,16843.0
Siling Haba,0,115.6,12.6,13.52,150,139,37,60.3,188.0,103.7,65.0,0.4011,0.1214,19709.0
Siling Haba,0,78.6,13.6,10.13,59,121,55,25.4,225.9,156.7,61.0,0.5352,0.2175,21712.0
Siling Haba,0,73.2,8.0,14.85,162,51,48,104.7,139.4,99.8,69.0,0.2137,0.1197,18401.0
Siling Haba,0,112.1,13.9,22.0,176,97,11,21.8,182.5,190.4,84.0,0.7771,0.1211,16866.0
Siling Haba,0,94.4,13.0,12.82,173,99,20,62.3,197.2,163.3,85.0,0.584,0.1834,20918.0
Siling Haba,0,117.9,16.6,13.12,204,42,49,49.0,207.7,101.7,80.0,0.6064,0.2124,22198.0
Siling Haba,0,111.8,17.4,9.93,190,175,20,79.1,187.1,147.6,82.0,0.4772,0.2024,18302.0
Siling Haba,0,98.2,23.5,8.18,167,143,31,86.8,165.3,129.9,80.0,0.4174,0.276,19832.0
Siling Haba,0,78.8,19.8,15.74,135,88,43,41.0,146.9,172.8,69.0,0.5311,0.1729,21215.0
Siling Haba,0,62.1,13.7,8.15,40,101,20,17.4,183.4,213.6,79.0,0.7562,0.1308,25142.0
Siling Haba,0,88.8,12.4,12.32,165,110,36,53.8,137.1,85.0,83.0,0.611,0.1001,22755.0
Siling Haba,0,121.4,18.0,9.85,152,20,14,19.7,80.0,164.6,83.0,0.7771,0.21,21748.0
Siling Haba,0,105.4,10.7,14.16,156,87,25,100.4,197.5,153.6,87.0,0.4169,0.1458,19277.0
Siling Haba,0,68.9,23.3,13.5,63,65,39,44.1,216.2,186.9,82.0,0.6504,0.586,25759.0
Siling Haba,0,104.3,20.7,16.67,75,49,11,29.0,85.5,168.5,79.0,0.6899,0.5667,23948.0
Siling Haba,0,109.6,14.1,9.7,203,85,41,45.5,139.6,129.9,86.0,0.6793,0.5236,24280.0
Siling Haba,0,77.9,9.1,10.79,137,189,34,0.0,204.8,147.2,75.0,0.7973,0.5215,29000.0
Siling Haba,0,103.8,21.4,7.6,180,132,43,10.9,255.0,128.2,66.0,0.6576,0.1219,23458.0
Siling Haba,0,101.5,15.5,10.0,141,71,38,76.0,180.8,203.0,73.0,0.4036,0.0397,14851.0
Siling Haba,0,71.4,21.0,13.7,141,128,55,20.3,150.9,160.9,68.0,0.624,0.1629,24161.0
Siling Labuyo,1,25.6,5.9,1.86,203,38,55,58.9,213.0,188.8,61.0,0.3302,0.1154,94487.0
Siling Labuyo,1,31.0,7.3,2.19,226,49,23,24.9,224.4,133.4,61.0,0.5543,0.1874,92798.0
Siling Labuyo,1,36.4,4.2,2.17,177,10,29,13.8,254.9,182.0,69.0,0.7229,0.8094,97361.0
Siling Labuyo,1,18.4,7.9,2.12,211,36,16,36.5,195.2,181.3,50.0,0.3566,0.2053,92534.0
Siling Labuyo,1,23.0,7.4,1.5,217,72,27,19.2,195.1,211.9,85.0,0.8719,0.2496,98061.0
Siling Labuyo,1,26.0,8.0,2.4,212,100,30,19.2,244.5,191.6,69.0,0.692,0.1112,92069.0
Siling Labuyo,1,22.5,8.6,2.05,161,16,27,0.0,218.9,211.8,66.0,0.785,0.1538,92900.0
Siling Labuyo,1,40.1,7.6,0.8,200,42,12,19.7,248.0,214.6,74.0,0.7483,0.1444,96999.0
Siling Labuyo,1,22.0,7.2,4.14,209,49,27,35.7,218.7,240.0,84.0,0.7476,0.6589,96987.0
Siling Labuyo,1,24.1,5.7,3.37,195,10,42,0.0,175.3,179.0,72.0,0.851,0.2779,95646.0
Siling Labuyo,1,29.4,5.9,2.2,111,75,30,43.5,170.0,157.1,73.0,0.5682,0.6749,95272.0
Siling Labuyo,1,19.6,8.8,2.52,201,29,36,13.2,163.5,198.6,66.0,0.6956,0.1956,93532.0
Siling Labuyo,1,25.2,9.2,1.56,240,48,22,0.0,229.9,161.9,64.0,0.7585,0.6522,96911.0
Siling Labuyo,1,30.2,6.6,3.86,180,39,33,35.0,245.7,240.0,61.0,0.4949,0.6528,91753.0
Siling Labuyo,1,25.7,7.1,4.02,165,27,28,9.3,255.0,180.1,58.0,0.6341,0.2332,94335.0
Siling Labuyo,1,27.3,5.6,2.63,209,54,13,30.2,235.3,170.2,60.0,0.5073,0.1081,92701.0
Siling Labuyo,1,24.3,8.8,3.32,207,47,28,9.2,244.9,173.5,54.0,0.5869,0.6347,94502.0
Siling Labuyo,1,17.4,8.0,2.64,240,41,13,13.8,192.6,215.1,64.0,0.6725,0.8246,95350.0
Siling Labuyo,1,30.3,9.9,1.43,144,29,17,24.9,175.3,184.5,52.0,0.4516,0.597,93926.0
Siling Labuyo,1,40.3,5.7,2.17,224,66,27,20.8,235.5,167.5,67.0,0.6501,0.1406,91768.0
Siling Labuyo,1,28.1,6.4,2.61,218,112,28,0.0,222.5,240.0,65.0,0.7681,0.2336,93887.0
Siling Labuyo,1,29.6,7.3,2.14,189,59,10,0.0,213.2,160.0,66.0,0.7849,0.1511,94847.0
Siling Labuyo,1,32.8,8.0,2.33,208,89,37,33.6,221.6,191.2,61.0,0.4998,0.8482,98423.0
Siling Labuyo,1,19.1,6.7,2.43,236,10,31,12.4,219.7,212.8,85.0,0.9176,0.6879,99097.0
Siling Labuyo,1,39.9,5.7,2.44,229,60,16,4.5,248.5,132.9,76.0,0.8656,0.2052,91126.0
Siling Labuyo,1,29.4,8.3,2.54,149,16,6,0.0,248.8,206.8,55.0,0.6576,0.5697,93710.0
Siling Labuyo,1,39.4,8.1,1.65,227,10,23,0.0,226.3,153.1,67.0,0.7927,0.8407,97989.0
Siling Labuyo,1,22.9,5.6,1.93,192,29,19,0.0,235.4,218.8,60.0,0.7158,0.7633,95822.0
Siling Labuyo,1,40.7,9.0,1.47,197,96,26,13.0,225.4,156.3,57.0,0.5922,0.6268,95294.0
Siling Labuyo,1,33.4,8.8,3.28,197,88,20,3.0,196.2,214.2,54.0,0.6287,0.5422,93800.0
Siling Labuyo,1,31.9,7.2,0.82,188,63,5,0.0,232.7,228.7,68.0,0.8109,0.5826,98867.0
Siling Labuyo,1,29.6,7.1,3.42,240,10,20,13.6,168.2,220.2,60.0,0.6182,0.1364,91601.0
Siling Labuyo,1,26.3,7.8,3.61,191,48,21,22.3,241.6,198.8,73.0,0.7114,0.0695,91975.0
Siling Labuyo,1,36.4,5.7,2.26,150,65,32,56.9,174.2,181.9,73.0,0.4832,0.601,94623.0
Siling Labuyo,1,29.0,7.0,0.8,179,61,16,0.0,218.6,169.8,76.0,0.897,0.5806,98295.0
Siling Labuyo,1,14.2,4.0,2.21,202,10,45,38.2,184.6,240.0,58.0,0.4389,0.2833,94033.0
Siling Labuyo,1,20.2,8.3,2.45,240,23,5,34.5,226.6,165.5,69.0,0.5851,0.7109,97868.0
Siling Labuyo,1,26.7,4.7,1.69,219,52,40,0.0,209.0,153.7,70.0,0.8293,0.23,97623.0
Siling Labuyo,1,30.2,9.3,2.09,160,73,22,19.1,162.2,213.3,61.0,0.601,0.6919,91460.0
Siling Labuyo,1,27.6,6.5,3.72,240,10,35,5.8,222.6,162.1,59.0,0.6619,0.1896,94535.0
Siling Labuyo,1,36.5,6.7,3.03,205,49,25,18.7,192.7,156.7,78.0,0.7938,0.2528,95517.0
Siling Labuyo,1,14.3,6.1,1.76,240,60,38,45.2,236.4,139.5,67.0,0.491,0.1231,95508.0
Siling Labuyo,1,29.0,6.6,1.22,188,84,20,27.1,210.0,173.1,70.0,0.6488,0.615,94610.0
Siling Labuyo,1,15.3,9.1,2.24,216,79,11,25.2,221.9,187.1,58.0,0.5285,0.5677,95020.0
Siling Labuyo,1,33.3,4.0,2.33,228,75,42,6.4,181.3,198.5,55.0,0.6173,0.099,93774.0
Siling Labuyo,1,27.3,8.9,2.9,240,27,23,0.0,192.3,223.3,60.0,0.7194,0.1979,92050.0
Siling Labuyo,1,30.9,7.5,2.07,237,10,27,10.8,196.2,208.4,64.0,0.6879,0.2441,95614.0
Siling Labuyo,1,22.0,5.2,2.91,229,41,39,39.1,235.7,183.3,56.0,0.4132,0.1945,91889.0
Siling Labuyo,1,37.0,5.4,4.05,182,90,12,0.0,255.0,183.1,65.0,0.7705,0.2075,95636.0
Siling Labuyo,1,35.3,9.5,3.15,172,103,32,0.0,185.8,207.9,51.0,0.6171,0.599,92199.0
Siling Labuyo,1,32.1,5.6,2.46,208,79,17,17.5,242.3,234.5,56.0,0.5522,0.0967,90215.0
Siling Labuyo,1,27.1,5.3,2.35,232,70,23,0.0,144.9,194.4,70.0,0.8328,0.2145,95664.0
Siling Labuyo,1,32.1,8.7,2.21,186,68,25,0.0,174.2,173.6,70.0,0.8266,0.6653,96895.0
Siling Labuyo,1,23.1,7.5,3.44,237,35,6,6.5,181.2,155.2,62.0,0.6921,0.7989,95296.0
Siling Labuyo,1,34.0,5.6,2.0,240,50,15,0.0,169.4,139.4,57.0,0.6784,0.0694,88795.0
Siling Labuyo,1,39.5,7.3,2.54,158,113,41,0.0,162.5,213.3,57.0,0.6775,0.7281,95742.0
Siling Labuyo,1,35.5,5.5,2.54,161,22,35,29.1,222.4,210.2,62.0,0.5435,0.1246,92942.0
Siling Labuyo,1,22.9,8.7,2.1,189,111,24,0.0,203.6,210.2,70.0,0.8304,0.8385,99079.0
Siling Labuyo,1,30.5,8.6,1.4,207,43,27,0.0,221.4,185.5,72.0,0.8563,0.1261,94618.0
Siling Labuyo,1,18.9,7.8,2.76,174,101,21,2.4,230.7,239.2,61.0,0.71,0.2746,94106.0
Siling Labuyo,1,32.0,7.5,2.45,240,10,41,29.6,218.0,173.1,56.0,0.4684,0.2137,94009.0
Siling Labuyo,1,31.2,9.6,2.9,211,75,22,11.1,229.7,223.4,67.0,0.7222,0.2871,90961.0
Siling Labuyo,1,14.9,7.0,2.07,196,29,27,5.7,207.9,188.6,58.0,0.6581,0.1611,94384.0
Siling Labuyo,1,19.9,5.2,3.48,137,10,38,15.9,174.4,168.7,61.0,0.6181,0.2373,94339.0
Siling Labuyo,1,26.0,7.7,1.8,142,62,15,0.0,241.7,210.7,76.0,0.8926,0.1995,97183.0
Siling Labuyo,1,25.9,10.1,3.87,206,90,43,24.9,192.3,204.3,72.0,0.6811,0.1263,92431.0
Siling Labuyo,1,19.5,5.5,1.1,109,25,6,22.7,181.9,202.5,66.0,0.6347,0.8571,96535.0
Siling Labuyo,1,30.7,6.5,2.85,235,10,44,6.8,204.7,192.8,55.0,0.6097,0.2581,95210.0
Siling Labuyo,1,29.8,7.6,2.88,188,51,20,35.1,182.6,188.7,67.0,0.5566,0.9178,95215.0
Siling Labuyo,1,26.6,6.9,1.86,240,51,22,0.0,197.5,240.0,74.0,0.8686,0.7335,95605.0
Siling Labuyo,1,22.7,5.5,2.84,240,74,5,37.6,220.3,231.4,62.0,0.4867,0.2027,93190.0
Siling Labuyo,1,35.3,8.7,3.52,187,88,19,18.1,220.5,215.3,76.0,0.7744,0.7509,96204.0
Siling Labuyo,1,39.6,10.5,0.8,190,52,12,8.3,183.1,193.9,75.0,0.8345,0.8898,100000.0
Siling Labuyo,1,24.6,7.3,2.9,234,119,17,14.6,195.4,225.3,78.0,0.8262,0.159,95705.0
Siling Labuyo,1,23.7,5.6,0.8,240,62,23,12.9,242.2,208.1,67.0,0.7136,0.1813,93469.0
Siling Labuyo,1,31.4,4.7,1.73,129,42,36,39.4,224.9,190.9,70.0,0.5624,0.2332,91593.0
Siling Labuyo,1,25.5,7.4,3.8,123,10,27,0.0,255.0,179.4,76.0,0.9007,0.2232,97403.0
Siling Labuyo,1,27.0,8.7,2.03,170,45,28,0.0,245.4,187.2,69.0,0.8123,0.738,95872.0
Siling Labuyo,1,33.2,7.7,1.56,218,43,11,35.7,244.3,100.0,61.0,0.4874,0.6616,91551.0
Siling Labuyo,1,14.6,7.0,2.34,214,88,14,3.1,168.4,197.4,61.0,0.7098,0.7898,99232.0
Siling Labuyo,1,37.2,6.1,4.15,237,71,46,33.0,232.9,172.9,67.0,0.5732,0.5841,92469.0
Siling Labuyo,1,28.5,5.4,1.03,147,13,16,49.0,208.4,240.0,55.0,0.3268,0.2305,93684.0
Siling Labuyo,1,25.1,8.3,1.66,102,61,44,7.0,193.5,190.7,64.0,0.7119,0.8292,95615.0
Siling Labuyo,1,27.4,8.4,3.7,229,78,22,28.6,215.0,148.4,74.0,0.6808,0.766,97578.0
Siling Labuyo,1,27.7,4.7,3.99,161,108,25,0.0,238.4,188.3,50.0,0.6,0.1267,94221.0
Siling Labuyo,1,15.9,9.4,2.42,114,86,37,30.1,225.0,153.4,77.0,0.7111,0.2733,93593.0
Siling Labuyo,1,38.5,7.9,1.51,200,81,40,19.0,183.6,206.6,74.0,0.7475,0.6105,93121.0
Siling Labuyo,1,28.3,9.1,4.18,226,57,23,24.5,232.3,200.2,61.0,0.5663,0.1719,94958.0
Siling Labuyo,1,31.1,5.0,3.78,190,68,20,2.1,190.9,223.5,69.0,0.8072,0.1678,94308.0
Siling Labuyo,1,34.7,5.0,3.04,176,98,24,0.0,216.5,162.3,65.0,0.7717,0.6921,95368.0
Siling Labuyo,1,20.9,6.8,1.85,188,10,29,25.1,200.9,191.2,75.0,0.7168,0.29,97810.0
Siling Labuyo,1,31.3,7.8,2.46,180,42,35,0.0,203.4,142.2,73.0,0.8613,0.6071,98310.0
Siling Labuyo,1,26.1,9.7,2.37,141,27,25,8.7,233.0,214.6,54.0,0.5857,0.8065,96857.0
Siling Labuyo,1,33.9,8.1,2.76,166,68,32,33.8,178.8,208.2,70.0,0.5996,0.2263,92318.0
Siling Labuyo,1,13.1,6.6,3.66,215,98,44,18.8,255.0,207.4,63.0,0.627,0.6972,99005.0
Siling Labuyo,1,27.3,5.5,3.2,207,34,29,54.0,155.4,190.1,66.0,0.4192,0.2686,89907.0
Siling Labuyo,1,23.8,8.8,1.64,201,10,28,35.5,192.1,204.5,59.0,0.4682,0.2007,91421.0
Siling Labuyo,1,31.0,5.6,3.6,155,40,6,1.9,221.1,240.0,79.0,0.9184,0.2357,96478.0
Siling Labuyo,1,31.3,9.4,2.75,187,86,5,15.5,227.5,180.0,73.0,0.7629,0.1612,95345.0
Siling Labuyo,1,23.0,6.6,3.05,107,73,29,14.1,207.0,194.9,59.0,0.6101,0.9274,97477.0
Siling Labuyo,1,23.0,9.4,3.67,202,69,23,0.0,208.3,152.0,54.0,0.6494,0.6307,94289.0
Siling Labuyo,1,27.2,8.0,1.61,240,45,18,0.0,222.3,159.6,62.0,0.7362,0.7267,96073.0
Siling Labuyo,1,21.7,6.8,2.47,136,10,27,3.8,203.1,193.4,68.0,0.7859,0.1704,97201.0
Siling Labuyo,1,33.9,6.2,2.07,171,73,24,0.0,251.8,228.6,67.0,0.7934,0.1236,95954.0
Siling Labuyo,1,25.4,6.5,1.25,208,25,38,15.9,235.2,181.0,75.0,0.7797,0.145,94276.0
Siling Labuyo,1,12.0,7.6,2.78,240,131,26,10.0,236.2,181.7,71.0,0.7769,0.1338,93919.0
Siling Labuyo,1,25.4,7.1,4.51,177,74,16,0.0,181.0,175.8,73.0,0.8601,0.1394,93510.0
Siling Labuyo,1,20.7,6.1,1.03,167,34,36,23.1,207.6,171.3,68.0,0.6474,0.6335,95924.0
Siling Labuyo,1,16.6,6.8,2.47,116,33,22,29.3,201.0,200.3,54.0,0.449,0.1099,94071.0
Siling Labuyo,1,19.3,7.1,3.01,199,51,31,19.5,179.8,137.6,63.0,0.6233,0.126,94153.0
Siling Labuyo,1,28.8,4.0,2.6,240,46,19,8.5,220.8,234.8,73.0,0.8116,0.6203,98493.0
Siling Labuyo,1,37.3,7.7,2.41,206,94,17,26.8,193.9,166.7,65.0,0.5879,0.2346,92777.0
Siling Labuyo,1,30.2,5.5,1.46,194,61,26,28.6,229.7,215.3,69.0,0.6267,0.7882,97076.0
Siling Labuyo,1,23.8,5.3,2.69,207,29,25,21.1,177.9,145.6,62.0,0.6013,0.2114,91477.0
Siling Labuyo,1,31.2,4.5,1.89,194,121,30,0.0,255.0,213.4,57.0,0.6773,0.1367,95811.0
Siling Labuyo,1,24.8,4.3,0.8,162,56,21,20.5,183.1,213.5,64.0,0.6233,0.0872,94062.0
Siling Labuyo,1,23.1,5.0,3.46,227,81,5,38.9,216.6,203.4,67.0,0.5403,0.6262,94770.0
Siling Labuyo,1,19.9,5.9,3.27,204,33,19,3.1,233.8,155.2,60.0,0.691,0.0768,93274.0
Siling Labuyo,1,15.7,9.9,2.54,195,67,34,57.0,192.9,198.7,63.0,0.3702,0.8076,93834.0
Siling Labuyo,1,25.3,6.2,2.68,155,65,21,4.5,235.6,148.6,57.0,0.6556,0.5596,96426.0
Siling Labuyo,1,29.1,7.3,3.36,240,10,22,15.6,173.1,181.2,74.0,0.7694,0.1863,92472.0
Siling Labuyo,1,27.3,7.6,2.68,221,125,36,1.6,253.6,226.0,63.0,0.7342,0.1095,94272.0
Siling Labuyo,1,25.1,7.2,3.22,172,100,16,19.5,210.4,217.9,77.0,0.7745,0.228,93960.0
Siling Labuyo,1,21.4,6.9,2.26,235,41,6,0.0,192.1,190.5,77.0,0.9112,0.8005,100000.0
Siling Labuyo,1,32.3,5.2,3.55,175,16,23,4.1,201.0,155.9,64.0,0.7368,0.1416,92103.0
Siling Labuyo,1,18.8,9.2,2.76,163,67,19,0.0,234.3,212.6,57.0,0.6792,0.2461,92417.0
Siling Labuyo,1,33.4,9.7,2.66,164,58,13,17.7,192.5,190.7,50.0,0.482,0.2805,90672.0
Siling Labuyo,1,21.0,4.5,1.48,124,67,22,34.9,187.5,108.8,53.0,0.4042,0.1525,91613.0
Siling Labuyo,1,22.7,5.5,2.73,213,61,30,27.9,203.4,217.4,54.0,0.4597,0.183,92252.0
Siling Labuyo,1,17.7,6.6,1.83,121,72,24,0.0,174.7,189.2,76.0,0.8975,0.1111,95944.0
Siling Labuyo,1,24.5,5.6,1.99,145,105,28,55.8,255.0,232.1,66.0,0.4097,0.1113,92278.0
Siling Labuyo,1,34.8,7.8,1.85,111,74,46,20.9,193.0,151.7,68.0,0.6677,0.5814,96655.0
Siling Labuyo,1,31.6,5.9,1.65,191,18,20,0.0,234.9,100.0,50.0,0.6,0.75,96100.0
Siling Labuyo,1,34.8,10.2,4.2,188,102,28,18.1,216.3,199.8,55.0,0.5409,0.0957,90184.0
Siling Labuyo,1,31.7,8.8,3.57,181,112,18,18.5,180.5,200.2,72.0,0.729,0.8906,94110.0
Siling Labuyo,1,20.3,7.3,4.04,153,160,14,1.7,209.8,130.8,67.0,0.7866,0.2659,94577.0
Siling Labuyo,1,25.7,8.5,1.52,148,15,17,19.0,233.5,155.8,64.0,0.6316,0.834,95653.0
Siling Labuyo,1,22.5,8.7,2.56,213,63,19,2.9,204.4,240.0,70.0,0.8041,0.2427,96218.0
Siling Labuyo,1,37.3,6.2,1.47,172,10,29,6.9,245.8,179.3,78.0,0.8749,0.1761,94568.0
Siling Labuyo,1,19.6,5.8,1.94,207,74,53,1.3,240.6,215.6,63.0,0.7427,0.7897,96774.0
Siling Labuyo,1,34.3,7.1,1.77,159,35,16,0.0,237.6,167.2,66.0,0.7778,0.1561,95113.0
Siling Labuyo,1,34.3,8.3,3.49,202,122,20,17.9,196.2,116.8,67.0,0.6696,0.1559,95497.0
Siling Labuyo,1,40.8,7.2,2.18,240,27,24,26.7,177.6,184.0,84.0,0.8121,0.2198,94165.0
Siling Labuyo,1,25.1,4.6,3.35,218,10,29,25.3,191.6,180.7,50.0,0.4313,0.6816,94345.0
Siling Labuyo,1,33.0,5.8,2.98,178,38,28,31.4,215.9,176.0,70.0,0.6246,0.1275,94428.0
Siling Labuyo,1,44.0,6.9,4.34,205,10,40,21.5,226.4,186.0,64.0,0.6177,0.8699,94783.0
Siling Labuyo,1,23.7,6.9,1.32,185,81,5,4.3,144.9,199.2,70.0,0.7943,0.7122,98869.0
Siling Labuyo,1,17.3,10.0,3.51,195,10,5,31.8,209.8,184.7,60.0,0.4994,0.0988,91124.0
Siling Labuyo,1,14.8,4.9,3.42,181,55,19,0.0,214.7,145.8,65.0,0.767,0.2176,95729.0
Siling Labuyo,1,33.0,7.8,1.72,188,10,38,0.0,201.7,207.0,71.0,0.8365,0.2681,94300.0
Siling Labuyo,1,14.8,9.2,3.31,203,43,6,0.0,248.7,121.8,85.0,1.0,0.229,97576.0
Siling Labuyo,1,25.4,10.4,2.77,155,112,5,36.6,222.7,118.2,71.0,0.6013,0.0656,92506.0
Siling Labuyo,1,31.1,6.4,2.32,154,67,31,33.9,249.3,215.9,58.0,0.4682,0.2203,93353.0
Siling Labuyo,1,29.3,7.7,1.84,139,24,27,24.7,203.5,207.7,62.0,0.5677,0.1705,92119.0
Siling Labuyo,1,31.0,7.9,1.92,130,53,11,36.4,238.1,188.0,61.0,0.487,0.2539,93636.0
Siling Labuyo,1,29.6,7.3,4.14,146,55,13,0.0,255.0,141.2,51.0,0.6073,0.8772,96730.0
Siling Labuyo,1,37.0,6.9,2.5,201,71,13,22.0,249.4,165.2,62.0,0.5948,0.1655,90532.0
Siling Labuyo,1,21.3,7.7,3.13,159,10,26,12.5,177.2,180.8,71.0,0.7551,0.1876,94054.0
Siling Labuyo,1,23.3,4.0,1.87,215,75,17,31.9,202.4,134.1,55.0,0.442,0.7166,97335.0
Siling Labuyo,1,22.6,8.0,1.88,196,10,30,12.7,199.6,164.1,73.0,0.7827,0.28,94604.0
Siling Labuyo,1,33.8,7.2,3.37,116,32,5,7.3,224.7,212.8,69.0,0.7674,0.2654,94916.0
Siling Labuyo,1,34.3,6.7,1.42,221,37,14,25.8,230.6,240.0,59.0,0.5322,0.2688,93179.0
Siling Labuyo,1,31.2,10.1,2.17,227,77,11,32.5,184.8,175.3,64.0,0.5417,0.5264,93625.0
Siling Labuyo,1,36.3,6.0,2.53,155,55,21,1.6,212.0,216.5,78.0,0.9067,0.1518,95573.0
Siling Labuyo,1,19.8,6.4,2.59,211,10,18,13.8,149.4,123.0,71.0,0.7466,0.0642,95929.0
Siling Labuyo,1,39.7,10.0,2.36,160,20,34,0.0,253.3,213.1,65.0,0.7722,0.2364,91693.0
Siling Labuyo,1,38.7,5.8,2.82,198,61,5,0.0,194.6,161.9,63.0,0.7497,0.1483,92363.0
Siling Labuyo,1,33.1,6.2,3.05,144,52,25,19.0,211.7,200.8,66.0,0.6517,0.6287,97341.0
Siling Labuyo,1,40.5,6.8,3.09,123,34,31,27.2,200.7,181.3,61.0,0.5435,0.6444,96734.0
Siling Labuyo,1,16.4,8.3,1.71,179,38,47,20.2,244.4,236.2,50.0,0.4651,0.2217,93003.0
Siling Labuyo,1,24.3,7.3,2.27,190,79,19,0.0,124.9,159.4,81.0,0.9581,0.2925,99882.0
Siling Labuyo,1,22.9,5.1,3.46,179,36,28,8.0,209.5,212.0,66.0,0.7324,0.675,95505.0
Siling Labuyo,1,33.1,6.2,3.22,147,51,5,0.0,206.8,180.2,68.0,0.8078,0.946,96731.0
Siling Labuyo,1,20.6,6.1,1.4,179,130,5,42.4,196.4,184.5,65.0,0.4835,0.1246,95627.0
Siling Labuyo,1,33.3,6.9,2.78,205,10,35,0.0,255.0,183.6,59.0,0.7042,0.049,94372.0
Siling Labuyo,1,37.6,7.6,0.92,193,10,24,40.1,183.4,160.4,64.0,0.487,0.8399,97377.0
Siling Labuyo,1,32.9,7.6,2.54,202,82,39,33.9,233.2,189.5,52.0,0.3991,0.8326,94173.0
Siling Labuyo,1,30.0,4.3,4.02,168,31,8,0.0,220.7,187.8,83.0,0.9796,0.1283,94552.0
Siling Labuyo,1,21.1,8.6,1.74,240,43,31,0.0,247.8,198.4,55.0,0.6586,0.8234,97072.0
Siling Labuyo,1,22.1,7.4,1.83,147,27,47,22.0,190.0,193.0,57.0,0.5304,0.261,95469.0
Siling Labuyo,1,36.7,9.1,3.11,214,45,30,0.0,188.0,217.9,61.0,0.7312,0.232,92782.0
Siling Labuyo,1,33.5,7.7,1.27,240,110,28,17.0,242.9,222.3,75.0,0.7755,0.2179,94548.0
Siling Labuyo,1,27.7,8.7,1.99,214,83,25,5.3,222.8,153.2,65.0,0.7371,0.1766,94983.0
Siling Labuyo,1,25.1,7.7,2.98,186,85,6,0.0,163.7,220.4,55.0,0.6584,0.25,92817.0
Siling Labuyo,1,13.8,9.0,1.99,173,10,41,0.0,193.8,148.5,75.0,0.8861,0.8312,99518.0
Siling Labuyo,1,20.5,7.8,2.31,236,14,17,19.5,221.6,210.6,71.0,0.708,0.1713,94615.0
Siling Labuyo,1,41.4,6.9,3.1,138,10,31,3.8,235.1,211.7,69.0,0.7955,0.5856,94533.0
Siling Labuyo,1,19.0,10.4,2.84,156,26,6,3.9,189.6,123.1,71.0,0.8106,0.7693,98443.0
Siling Labuyo,1,29.3,8.3,2.71,179,88,10,28.9,122.6,193.3,84.0,0.7976,0.5874,97009.0
Siling Labuyo,1,35.1,7.9,2.23,240,73,42,38.5,225.7,173.6,82.0,0.7147,0.2025,93127.0
Siling Labuyo,1,19.2,5.1,2.8,210,47,20,9.5,173.4,163.4,60.0,0.645,0.2647,94904.0
Siling Labuyo,1,29.3,5.1,2.4,156,54,42,8.2,149.5,237.3,78.0,0.8653,0.6027,97341.0
Siling Labuyo,1,34.6,7.4,2.87,182,30,24,25.0,125.0,167.1,68.0,0.6398,0.5985,93384.0
Siling Labuyo,1,28.1,7.2,2.1,170,62,5,0.0,234.4,161.8,69.0,0.8171,0.7728,94928.0
Siling Labuyo,1,45.0,6.1,2.35,166,81,35,19.5,213.9,192.6,51.0,0.487,0.1718,90493.0
Siling Labuyo,1,16.3,7.2,1.71,234,10,17,26.0,203.2,214.0,64.0,0.5823,0.7521,95504.0
Siling Labuyo,1,35.4,9.4,2.47,140,65,33,28.6,251.7,185.0,58.0,0.5064,0.6611,93232.0
Siling Labuyo,1,26.8,8.0,1.85,240,87,25,0.0,229.1,230.8,72.0,0.8471,0.1928,96292.0
Siling Labuyo,1,33.4,5.3,1.61,228,40,6,0.0,255.0,208.6,74.0,0.8694,0.1268,94710.0
Siling Labuyo,1,31.1,6.8,2.71,238,79,26,0.0,168.2,113.8,50.0,0.6,0.1593,93399.0
Siling Demonyo,2,36.5,6.6,3.06,207,39,20,13.5,193.4,203.0,73.0,0.6887,0.2381,312868.0
Siling Demonyo,2,46.5,12.2,5.73,244,86,10,20.3,208.8,197.4,72.0,0.6082,0.5524,286618.0
Siling Demonyo,2,40.8,14.1,4.56,205,47,16,0.0,205.9,186.3,70.0,0.7903,0.9544,340880.0
Siling Demonyo,2,57.0,10.2,7.49,194,20,23,0.0,255.0,197.6,65.0,0.7358,0.6234,311946.0
Siling Demonyo,2,49.4,15.0,6.74,132,32,5,20.9,244.9,183.7,90.0,0.7911,0.249,261489.0
Siling Demonyo,2,46.7,10.6,8.81,186,63,20,10.6,202.7,237.3,67.0,0.6557,0.1808,262064.0
Siling Demonyo,2,40.5,6.1,4.03,170,21,15,11.8,224.1,240.3,62.0,0.5893,0.216,282491.0
Siling Demonyo,2,44.1,13.3,7.79,208,67,33,10.5,243.6,202.6,70.0,0.6896,0.1545,254380.0
Siling Demonyo,2,69.9,9.8,2.67,172,26,5,24.7,202.7,195.8,68.0,0.5256,0.1968,268359.0
Siling Demonyo,2,42.0,13.5,4.78,228,17,29,16.5,184.6,185.2,67.0,0.5937,0.2671,288977.0
Siling Demonyo,2,53.8,7.8,4.07,243,27,34,16.7,175.1,202.7,87.0,0.7997,0.229,307472.0
Siling Demonyo,2,46.6,12.0,6.2,209,5,5,28.3,251.8,245.0,60.0,0.3991,0.6598,292883.0
Siling Demonyo,2,53.4,9.0,6.16,180,5,5,34.1,215.2,196.9,70.0,0.452,0.8722,281894.0
Siling Demonyo,2,58.0,11.5,3.2,218,37,37,43.7,227.3,174.8,60.0,0.2523,0.617,226089.0
Siling Demonyo,2,43.8,12.9,6.32,245,38,10,1.3,205.6,188.1,65.0,0.7251,0.2084,256670.0
Siling Demonyo,2,56.5,12.3,4.24,245,46,50,47.0,188.3,222.6,86.0,0.4835,0.1521,225865.0
Siling Demonyo,2,75.0,11.2,3.37,167,37,5,0.0,193.0,178.5,73.0,0.8161,0.6148,295172.0
Siling Demonyo,2,54.8,7.6,4.98,166,98,21,39.0,186.5,199.0,72.0,0.4247,0.2188,297679.0
Siling Demonyo,2,67.4,12.8,2.05,159,44,19,0.5,241.2,214.2,62.0,0.6956,0.7934,293628.0
Siling Demonyo,2,53.8,13.6,6.86,175,5,17,9.0,255.0,180.7,66.0,0.6596,0.2229,282235.0
Siling Demonyo,2,36.8,8.4,4.89,217,12,24,10.3,220.9,147.1,86.0,0.8594,0.1305,321167.0
Siling Demonyo,2,51.3,8.8,4.93,193,40,25,0.0,182.1,167.9,74.0,0.8368,0.8224,350000.0
Siling Demonyo,2,44.0,13.7,4.83,184,29,18,11.3,232.4,174.2,67.0,0.6443,0.0286,244659.0
Siling Demonyo,2,40.8,10.5,8.29,241,9,9,0.0,251.6,193.1,74.0,0.8312,0.7883,349068.0
Siling Demonyo,2,47.1,8.8,8.04,225,38,30,0.0,244.3,201.3,72.0,0.8148,0.0933,271490.0
Siling Demonyo,2,46.1,11.7,7.7,158,38,26,9.4,219.3,224.7,62.0,0.6158,0.7534,323658.0
Siling Demonyo,2,35.3,9.4,4.83,239,79,21,33.8,214.1,163.2,67.0,0.4161,0.7595,326239.0
Siling Demonyo,2,75.0,11.4,2.77,225,17,25,6.2,219.1,220.3,90.0,0.9381,0.5509,332625.0
Siling Demonyo,2,57.7,10.0,4.97,225,29,27,24.1,250.6,188.9,74.0,0.5855,0.1819,265538.0
Siling Demonyo,2,50.9,10.2,5.63,192,79,12,0.0,239.0,146.4,56.0,0.6408,0.2151,287168.0
Siling Demonyo,2,49.1,13.8,6.63,204,48,25,0.0,210.4,200.4,75.0,0.8378,0.2106,298654.0
Siling Demonyo,2,62.4,6.0,5.62,150,16,14,16.8,209.7,239.5,82.0,0.7448,0.7581,350000.0
Siling Demonyo,2,72.9,12.4,2.95,236,22,28,36.3,208.0,226.5,62.0,0.3405,0.1403,239982.0
Siling Demonyo,2,56.2,13.4,3.93,180,9,18,13.1,193.4,197.7,66.0,0.6149,0.2285,268959.0
Siling Demonyo,2,49.5,9.4,3.75,183,41,26,22.4,253.8,233.8,83.0,0.7032,0.1065,281113.0
Siling Demonyo,2,65.7,13.3,6.08,183,65,15,32.4,200.3,205.8,70.0,0.4685,0.206,247447.0
Siling Demonyo,2,49.7,8.6,6.13,245,80,26,9.5,232.3,229.4,69.0,0.6814,0.1927,282941.0
Siling Demonyo,2,53.2,9.4,6.39,189,5,10,7.7,203.5,150.2,58.0,0.5857,0.1458,265535.0
Siling Demonyo,2,60.0,9.1,5.6,238,61,20,17.1,208.1,162.5,80.0,0.7201,0.2373,298490.0
Siling Demonyo,2,43.4,13.4,1.5,209,44,29,19.8,217.2,221.9,68.0,0.5741,0.1189,295539.0
Siling Demonyo,2,25.0,6.6,1.55,185,33,24,0.0,233.6,245.0,52.0,0.6,0.8095,350000.0
Siling Demonyo,2,42.8,15.1,4.72,179,29,21,14.4,213.5,212.5,56.0,0.4961,0.6258,272432.0
Siling Demonyo,2,57.3,10.2,5.2,191,5,38,10.0,191.5,185.1,65.0,0.6364,0.1136,303205.0
Siling Demonyo,2,56.4,12.5,7.51,207,55,30,0.0,220.5,174.5,60.0,0.6878,0.1021,287339.0
Siling Demonyo,2,64.1,12.3,5.16,228,7,28,9.0,200.8,190.5,62.0,0.6132,0.257,243005.0
Siling Demonyo,2,43.2,11.4,3.05,195,21,26,0.0,255.0,236.4,90.0,1.0,0.1812,320542.0
Siling Demonyo,2,67.0,9.5,6.32,194,50,27,0.0,213.5,189.7,76.0,0.8565,0.1597,275331.0
Siling Demonyo,2,50.2,14.1,4.97,183,5,36,11.0,203.3,231.4,52.0,0.49,0.821,311380.0
Siling Demonyo,2,55.3,9.7,4.2,174,6,15,23.5,255.0,219.6,67.0,0.5244,0.2328,305080.0
Siling Demonyo,2,58.8,9.2,1.77,171,70,30,4.8,238.5,245.0,69.0,0.7331,0.175,292307.0
Siling Demonyo,2,31.4,13.2,5.17,239,43,23,0.0,197.6,206.0,57.0,0.6496,0.2231,290938.0
Siling Demonyo,2,35.9,11.4,5.46,194,23,16,0.0,200.2,198.5,75.0,0.8401,0.1082,291146.0
Siling Demonyo,2,35.5,14.4,3.01,196,43,19,18.2,231.9,232.9,52.0,0.4177,0.1458,286575.0
Siling Demonyo,2,60.9,10.8,6.49,190,56,22,35.0,221.1,171.9,80.0,0.5433,0.7429,307869.0
Siling Demonyo,2,44.3,9.4,6.31,200,68,11,21.6,242.3,186.7,83.0,0.7105,0.1815,273547.0
Siling Demonyo,2,72.3,11.7,5.1,221,12,28,29.5,203.4,149.6,90.0,0.7049,0.2038,226013.0
Siling Demonyo,2,48.0,9.9,5.02,195,14,18,0.0,237.5,162.4,56.0,0.6403,0.6754,339500.0
Siling Demonyo,2,30.3,9.4,6.89,215,55,20,8.9,164.0,245.0,58.0,0.5707,0.1862,267419.0
Siling Demonyo,2,39.9,13.1,5.74,245,56,33,25.3,216.1,220.8,76.0,0.6023,0.2768,293423.0
Siling Demonyo,2,49.4,15.6,3.6,185,6,21,0.0,204.6,158.9,81.0,0.9015,0.2204,313879.0
Siling Demonyo,2,54.2,10.4,4.6,196,15,35,0.1,208.6,235.8,77.0,0.8649,0.2687,278101.0
Siling Demonyo,2,36.2,8.6,6.11,229,35,14,24.1,217.4,178.9,80.0,0.6505,0.7134,315053.0
Siling Demonyo,2,54.8,10.6,1.5,245,40,9,13.9,248.5,219.2,82.0,0.7811,0.2506,307326.0
Siling Demonyo,2,58.0,12.3,3.14,172,41,17,0.0,191.1,218.8,72.0,0.8086,0.8169,332297.0
Siling Demonyo,2,40.3,11.6,6.36,158,6,5,0.0,165.3,245.0,68.0,0.7693,0.6866,334024.0
Siling Demonyo,2,71.6,14.0,7.42,209,41,29,30.1,194.0,183.9,58.0,0.3593,0.1302,206154.0
Siling Demonyo,2,41.6,12.7,7.04,206,22,9,0.0,245.6,177.8,67.0,0.7612,0.2569,326993.0
Siling Demonyo,2,36.0,8.2,6.79,231,10,13,19.5,178.9,119.3,69.0,0.5809,0.62,322240.0
Siling Demonyo,2,29.6,9.8,5.26,226,39,27,2.0,205.7,196.3,61.0,0.6795,0.2574,335707.0
Siling Demonyo,2,62.6,7.5,2.94,208,37,21,25.7,241.0,221.8,70.0,0.5288,0.2581,268097.0
Siling Demonyo,2,48.3,13.9,4.61,241,60,15,0.0,218.5,225.9,60.0,0.6888,0.654,336341.0
Siling Demonyo,2,42.2,6.0,1.5,189,18,5,49.2,248.2,237.6,80.0,0.4027,0.0996,267225.0
Siling Demonyo,2,30.3,7.8,7.6,216,45,33,16.0,169.1,208.7,74.0,0.6695,0.2599,281704.0
Siling Demonyo,2,43.3,9.7,3.37,173,5,27,18.5,212.0,215.1,66.0,0.5609,0.1941,263890.0
Siling Demonyo,2,75.0,12.4,3.93,208,33,40,0.0,253.4,202.0,72.0,0.8074,0.7438,270696.0
Siling Demonyo,2,25.0,9.7,7.12,166,51,14,8.0,191.8,221.2,60.0,0.6048,0.22,305411.0
Siling Demonyo,2,40.4,10.1,1.77,176,53,5,8.4,245.9,172.0,61.0,0.6105,0.2083,273232.0
Siling Demonyo,2,69.5,10.1,2.62,245,53,29,36.9,214.1,157.7,64.0,0.36,0.6539,300448.0
Siling Demonyo,2,63.0,11.4,5.54,155,60,18,16.0,230.9,175.1,68.0,0.6112,0.6833,293529.0
Siling Demonyo,2,41.2,7.9,6.04,203,28,26,18.2,251.6,206.4,71.0,0.6213,0.7145,294679.0
Siling Demonyo,2,50.4,8.6,4.86,234,52,36,18.0,230.7,161.0,71.0,0.6233,0.628,293337.0
Siling Demonyo,2,53.6,15.2,4.92,245,86,23,19.4,205.2,181.0,58.0,0.4702,0.1825,241890.0
Siling Demonyo,2,49.6,12.0,7.54,215,28,21,0.0,234.1,182.0,69.0,0.7818,0.2112,246884.0
Siling Demonyo,2,69.4,12.9,6.27,217,74,22,40.7,203.5,223.5,63.0,0.3046,0.715,256366.0
Siling Demonyo,2,52.1,11.1,6.0,211,61,5,0.0,226.8,219.8,52.0,0.6,0.1867,234927.0
Siling Demonyo,2,61.6,10.6,6.55,241,33,31,9.4,188.7,202.1,90.0,0.9058,0.5378,310812.0
Siling Demonyo,2,50.2,12.1,4.4,222,35,31,33.0,220.7,213.5,63.0,0.3841,0.209,246593.0
Siling Demonyo,2,25.0,12.8,9.35,192,42,25,39.0,249.7,214.1,63.0,0.3289,0.283,244873.0
Siling Demonyo,2,33.7,13.1,1.5,243,60,5,22.1,212.5,189.1,58.0,0.441,0.2367,290594.0
Siling Demonyo,2,36.2,10.7,7.92,196,50,18,2.4,247.3,183.7,60.0,0.665,0.285,260350.0
Siling Demonyo,2,45.0,13.4,6.8,162,28,34,11.9,255.0,245.0,68.0,0.6524,0.5953,291693.0
Siling Demonyo,2,72.9,6.0,5.5,162,5,14,12.5,219.3,125.3,82.0,0.7925,0.0985,309631.0
Siling Demonyo,2,52.3,13.2,5.16,203,56,31,13.0,235.4,177.8,68.0,0.6407,0.2207,264233.0
Siling Demonyo,2,46.7,9.9,4.69,213,5,20,0.0,231.9,193.9,67.0,0.7588,0.1285,302203.0
Siling Demonyo,2,62.9,12.4,7.21,238,5,27,28.9,225.6,216.8,81.0,0.6142,0.2245,256014.0
Siling Demonyo,2,30.6,9.4,4.92,229,29,15,12.0,239.7,234.1,65.0,0.6196,0.6545,350000.0
Siling Demonyo,2,42.1,7.7,3.54,212,9,20,0.0,213.8,245.0,70.0,0.7915,0.6854,348792.0
Siling Demonyo,2,40.4,11.8,6.8,240,47,24,2.5,203.4,197.2,62.0,0.6769,0.7397,292566.0
Siling Demonyo,2,52.8,7.2,8.17,210,32,9,14.0,181.8,199.3,85.0,0.8086,0.7013,315275.0
Siling Demonyo,2,58.8,10.0,1.5,171,59,22,0.0,211.4,210.9,79.0,0.8888,0.7505,350000.0
Siling Demonyo,2,53.7,9.0,9.71,164,5,5,23.2,242.5,184.1,69.0,0.5432,0.1594,213243.0
Siling Demonyo,2,53.8,10.6,2.93,245,23,13,13.5,196.5,164.5,66.0,0.6164,0.8068,317194.0
Siling Demonyo,2,43.7,13.0,3.08,142,40,25,33.5,226.2,197.1,70.0,0.4516,0.5824,289461.0
Siling Demonyo,2,51.8,9.8,2.51,203,41,31,11.2,216.9,222.4,69.0,0.6647,0.2738,285209.0
Siling Demonyo,2,37.9,11.8,5.0,245,57,24,0.0,204.5,192.7,56.0,0.6429,0.603,321943.0
Siling Demonyo,2,56.1,12.8,2.44,223,17,6,0.0,173.7,212.4,80.0,0.892,0.2728,333738.0
Siling Demonyo,2,42.0,9.5,2.68,203,28,30,4.1,254.1,143.9,68.0,0.7266,0.2405,323189.0
Siling Demonyo,2,34.5,9.5,3.62,159,52,8,5.7,232.9,200.6,87.0,0.9121,0.2797,312916.0
Siling Demonyo,2,48.5,14.4,5.28,245,5,26,1.5,255.0,187.9,74.0,0.8145,0.6883,329625.0
Siling Demonyo,2,25.0,10.8,5.47,245,49,8,11.9,247.0,161.7,52.0,0.4807,0.2568,280962.0
Siling Demonyo,2,65.7,12.3,7.48,230,59,12,1.1,253.5,219.7,58.0,0.657,0.7628,288408.0
Siling Demonyo,2,57.6,12.3,7.44,209,6,10,13.8,176.3,245.0,52.0,0.4619,0.806,285064.0
Siling Demonyo,2,52.0,8.0,7.05,227,32,21,2.2,175.8,229.7,58.0,0.645,0.092,275106.0
Siling Demonyo,2,28.5,9.1,4.48,205,77,18,19.5,221.1,231.6,55.0,0.44,0.6404,306260.0
Siling Demonyo,2,39.6,11.9,1.5,180,56,25,5.3,191.3,221.4,72.0,0.7599,0.2851,301282.0
Siling Demonyo,2,48.5,6.0,1.5,238,51,19,28.7,203.0,219.4,67.0,0.4726,0.2376,289655.0
Siling Demonyo,2,44.8,10.5,7.04,208,64,5,19.8,255.0,146.0,77.0,0.6618,0.1725,312997.0
Siling Demonyo,2,27.7,8.8,6.69,225,85,22,12.9,249.7,196.2,70.0,0.6568,0.1441,284468.0
Siling Demonyo,2,32.2,13.8,3.77,206,40,5,6.9,196.6,215.3,68.0,0.6979,0.0684,307333.0
Siling Demonyo,2,44.6,11.9,2.12,223,29,11,0.0,160.8,215.9,88.0,0.9793,0.8748,350000.0
Siling Demonyo,2,32.6,14.0,2.91,209,64,16,31.2,194.5,238.2,72.0,0.4986,0.6593,290152.0
Siling Demonyo,2,64.5,10.9,5.35,207,35,15,0.0,206.1,169.0,69.0,0.7818,0.7459,320618.0
Siling Demonyo,2,53.9,10.7,5.35,210,16,5,11.4,212.0,218.2,62.0,0.595,0.2367,270797.0
Siling Demonyo,2,38.4,10.2,7.09,245,26,33,15.2,188.0,168.0,59.0,0.5265,0.9326,332541.0
Siling Demonyo,2,62.0,9.7,4.1,234,47,36,7.2,248.2,193.6,77.0,0.79,0.1957,344969.0
Siling Demonyo,2,59.6,17.7,4.51,245,28,42,30.3,202.2,198.1,76.0,0.5536,0.1669,238890.0
Siling Demonyo,2,51.5,13.0,7.25,209,30,31,0.0,236.2,225.9,84.0,0.9384,0.6677,312332.0
Siling Demonyo,2,47.5,8.3,1.5,200,14,16,36.0,221.3,222.3,74.0,0.4748,0.139,243422.0
Siling Demonyo,2,44.4,17.6,5.63,177,75,15,20.1,243.5,203.6,66.0,0.5515,0.1712,236184.0
Siling Demonyo,2,41.5,10.0,4.33,245,31,15,6.3,214.1,135.4,75.0,0.7748,0.1042,279450.0
Siling Demonyo,2,32.0,11.8,6.43,182,22,39,6.5,196.9,213.3,69.0,0.7172,0.0847,296038.0
Siling Demonyo,2,66.3,13.3,6.03,245,24,18,0.0,205.0,192.0,78.0,0.8715,0.6275,329256.0
Siling Demonyo,2,41.8,7.2,3.61,179,60,32,0.0,205.4,241.8,82.0,0.9159,0.8442,350000.0
Siling Demonyo,2,48.3,8.9,3.99,236,54,31,4.7,255.0,234.6,68.0,0.7266,0.1734,313432.0
Siling Demonyo,2,37.1,15.1,1.5,162,27,21,12.6,221.9,171.9,86.0,0.8295,0.1869,316816.0
Siling Demonyo,2,44.9,10.4,6.5,196,40,5,28.9,220.1,217.5,81.0,0.6131,0.2324,313244.0
Siling Demonyo,2,75.0,13.5,5.48,210,46,19,40.6,242.1,218.1,70.0,0.3855,0.1936,226570.0
Siling Demonyo,2,39.3,9.9,7.8,192,22,21,14.1,220.0,215.9,76.0,0.7122,0.934,350000.0
Siling Demonyo,2,65.4,10.8,4.2,204,5,32,13.1,248.0,212.0,73.0,0.6876,0.221,250065.0
Siling Demonyo,2,47.7,15.5,6.83,205,52,20,2.6,210.7,218.9,70.0,0.7651,0.1118,245080.0
Siling Demonyo,2,56.2,12.1,2.86,234,23,7,0.0,208.2,245.0,87.0,0.9707,0.1569,331406.0
Siling Demonyo,2,62.9,10.1,1.5,147,51,29,0.9,195.5,183.5,75.0,0.8294,0.7225,320860.0
Siling Demonyo,2,51.3,9.3,4.81,193,48,17,6.9,255.0,172.8,62.0,0.6406,0.8148,317112.0
Siling Demonyo,2,43.8,9.5,3.87,245,41,5,24.6,218.3,223.5,61.0,0.4458,0.811,335179.0
Siling Demonyo,2,45.8,14.1,2.9,226,29,23,17.8,190.6,143.5,61.0,0.518,0.1744,249325.0
Siling Demonyo,2,46.2,12.9,6.8,245,24,25,13.3,224.9,219.6,74.0,0.7026,0.8386,299463.0
Siling Demonyo,2,70.4,8.1,7.42,232,11,11,1.3,203.7,214.3,67.0,0.7442,0.6522,322816.0
Siling Demonyo,2,30.2,11.2,5.21,177,24,18,0.0,210.3,129.6,73.0,0.821,0.7997,350000.0
Siling Demonyo,2,26.8,10.8,4.63,229,54,26,0.0,227.8,180.9,78.0,0.8782,0.6845,350000.0
Siling Demonyo,2,27.6,11.8,5.13,213,74,23,0.0,255.0,245.0,88.0,0.9817,0.2132,350000.0
Siling Demonyo,2,37.3,9.5,3.69,245,71,5,5.6,222.5,156.3,67.0,0.7031,0.7535,329734.0
Siling Demonyo,2,56.4,13.7,6.13,234,43,32,24.9,202.2,206.4,57.0,0.4069,0.1585,222434.0
Siling Demonyo,2,57.1,11.0,1.92,225,74,37,24.5,207.4,169.9,86.0,0.7142,0.7037,333027.0
Siling Demonyo,2,40.7,11.9,2.85,230,32,14,21.9,236.4,178.7,57.0,0.4324,0.6932,284501.0
Siling Demonyo,2,47.7,9.0,3.42,224,7,5,2.3,171.0,245.0,57.0,0.625,0.1746,306588.0
Siling Demonyo,2,34.6,9.2,6.08,223,88,27,27.2,193.9,203.7,86.0,0.6852,0.6676,301178.0
Siling Demonyo,2,35.7,17.6,4.4,202,53,13,0.0,225.3,215.5,80.0,0.8905,0.2268,311153.0
Siling Demonyo,2,55.0,15.5,7.72,226,5,25,22.8,177.3,196.6,74.0,0.6074,0.2116,266269.0
Siling Demonyo,2,60.6,10.8,6.61,238,78,42,0.0,212.2,154.5,70.0,0.7847,0.1367,294707.0
Siling Demonyo,2,42.3,14.8,3.4,241,21,5,0.0,208.0,164.5,68.0,0.7668,0.5756,334501.0
Siling Demonyo,2,67.6,14.0,6.27,238,26,12,34.8,241.9,235.4,64.0,0.3799,0.6646,280698.0
Siling Demonyo,2,59.6,9.4,4.18,245,65,18,6.9,213.7,204.6,67.0,0.6932,0.8022,327569.0
Siling Demonyo,2,67.1,9.2,5.95,243,74,32,0.0,249.7,176.9,70.0,0.785,0.777,299562.0
Siling Demonyo,2,44.4,12.7,6.7,228,14,50,26.5,222.0,199.3,58.0,0.3938,0.126,232963.0
Siling Demonyo,2,66.2,11.7,7.23,175,76,22,28.3,255.0,219.8,63.0,0.4292,0.2462,226092.0
Siling Demonyo,2,74.2,10.0,5.4,175,61,5,3.5,185.3,213.6,52.0,0.565,0.834,256347.0
Siling Demonyo,2,43.0,12.8,8.2,202,20,16,14.2,255.0,176.9,71.0,0.6551,0.5838,271998.0
Siling Demonyo,2,46.1,7.4,5.88,211,33,12,12.1,209.7,152.7,71.0,0.6763,0.5555,295055.0
Siling Demonyo,2,36.6,11.3,5.27,245,77,27,0.0,255.0,187.8,86.0,0.958,0.2483,317176.0
Siling Demonyo,2,34.3,7.9,4.39,126,5,23,0.0,249.6,233.3,73.0,0.8251,0.271,326080.0
Siling Demonyo,2,34.4,8.0,3.74,179,74,9,24.1,148.7,225.6,65.0,0.4955,0.8117,324613.0
Siling Demonyo,2,38.3,9.2,5.84,204,61,11,0.0,232.0,212.3,68.0,0.7705,0.7869,335186.0
Siling Demonyo,2,51.3,11.9,5.2,180,52,16,17.9,244.9,194.9,74.0,0.6561,0.2236,252394.0
Siling Demonyo,2,38.8,9.3,5.52,186,43,17,13.9,253.2,184.5,72.0,0.6716,0.2701,306728.0
Siling Demonyo,2,50.9,8.0,5.96,195,89,19,28.2,190.6,195.4,75.0,0.5619,0.1881,273468.0
Siling Demonyo,2,51.2,12.2,5.51,181,92,20,0.0,234.8,223.5,73.0,0.8252,0.8485,348341.0
Siling Demonyo,2,42.4,14.7,9.03,186,24,32,15.9,224.9,230.3,68.0,0.6064,0.0335,272960.0
Siling Demonyo,2,47.2,12.6,3.94,245,55,16,9.0,230.8,192.1,65.0,0.6485,0.0832,275586.0
Siling Demonyo,2,41.7,15.5,5.86,228,86,14,0.0,245.0,245.0,65.0,0.7336,0.5791,300514.0
Siling Demonyo,2,44.3,14.5,4.54,232,20,6,0.0,248.9,202.8,62.0,0.7018,0.6135,310875.0
Siling Demonyo,2,38.3,9.8,1.5,208,46,17,13.4,203.6,189.6,60.0,0.5528,0.2849,302571.0
Siling Demonyo,2,49.0,12.6,4.61,240,65,22,19.4,226.6,244.3,87.0,0.7692,0.1304,300552.0
Siling Demonyo,2,40.8,10.8,3.13,235,5,5,11.0,221.0,138.9,71.0,0.6917,0.2616,304910.0
Siling Demonyo,2,34.0,13.7,4.87,227,60,16,11.4,214.0,214.4,69.0,0.6606,0.8958,298625.0
Siling Demonyo,2,55.1,10.8,4.95,190,12,31,2.5,216.4,197.8,66.0,0.7173,0.1543,273754.0
Siling Demonyo,2,55.5,9.0,5.77,196,44,26,3.5,224.9,243.4,74.0,0.7949,0.2257,300058.0
Siling Demonyo,2,61.3,14.4,3.94,241,68,23,0.0,205.0,218.1,81.0,0.9035,0.2428,329155.0
Siling Demonyo,2,35.7,11.8,4.19,194,5,26,2.2,242.1,204.2,77.0,0.8358,0.8994,350000.0
Siling Demonyo,2,42.2,9.3,6.4,171,59,14,18.9,251.7,219.9,78.0,0.6876,0.2746,262444.0
Siling Demonyo,2,50.8,9.8,3.38,193,90,12,20.6,199.5,168.3,65.0,0.5279,0.127,269051.0
Siling Demonyo,2,42.0,9.3,1.5,245,26,32,0.0,253.0,229.0,70.0,0.7891,0.277,348475.0
Siling Demonyo,2,54.9,8.5,5.31,193,54,28,0.0,199.5,159.7,65.0,0.7352,0.1253,280599.0
Siling Demonyo,2,54.0,9.8,7.14,219,73,12,0.0,242.4,210.8,71.0,0.7996,0.7663,350000.0
Siling Demonyo,2,53.8,11.9,6.38,191,5,5,9.0,252.9,201.1,81.0,0.8196,0.221,335601.0
Siling Demonyo,2,65.5,11.2,5.35,232,58,12,0.0,217.6,147.1,74.0,0.8311,0.8625,339013.0
Siling Demonyo,2,55.7,9.9,7.5,226,65,25,0.0,199.7,202.1,85.0,0.9436,0.1605,308793.0
Siling Demonyo,2,49.8,14.7,7.16,165,55,13,0.0,205.3,208.5,67.0,0.7621,0.1821,299898.0
Siling Demonyo,2,45.7,6.0,4.34,218,42,23,16.0,229.0,180.4,63.0,0.553,0.2158,287388.0
Siling Demonyo,2,46.5,11.8,5.5,159,14,34,9.6,255.0,169.6,75.0,0.7424,0.8341,321781.0
Siling Demonyo,2,35.2,10.6,5.58,193,74,19,3.1,177.7,214.8,71.0,0.7701,0.0531,312465.0
